<?xml version="1.0"?>
<x:xmpmeta xmlns:x="adobe:ns:meta/" x:xmptk="Adobe XMP Core 6.2.4">
  <rdf:RDF xmlns:rdf="http://www.w3.org/1999/02/22-rdf-syntax-ns#">
    <rdf:Description rdf:about=""
        xmlns:dc="http://purl.org/dc/elements/1.1/"
        xmlns:dam="http://www.day.com/dam/1.0"
      dc:format="image/svg+xml"
      dam:size="663"
      dam:sha1="976c765ae846f5cce141036903e07266be1c69a4">
      <dc:title>
        <rdf:Alt>
          <rdf:li xml:lang="x-default">logo twitter</rdf:li>
        </rdf:Alt>
      </dc:title>
    </rdf:Description>
  </rdf:RDF>
</x:xmpmeta>
