<?xml version="1.0"?>
<x:xmpmeta xmlns:x="adobe:ns:meta/" x:xmptk="Adobe XMP Core 6.2.4">
  <rdf:RDF xmlns:rdf="http://www.w3.org/1999/02/22-rdf-syntax-ns#">
    <rdf:Description rdf:about=""
        xmlns:dc="http://purl.org/dc/elements/1.1/"
        xmlns:dam="http://www.day.com/dam/1.0"
      dc:format="image/svg+xml"
      dam:size="540"
      dam:sha1="f3e706760cd085216607e5532f32502139971524">
      <dc:title>
        <rdf:Alt>
          <rdf:li xml:lang="x-default">logo linkedin</rdf:li>
        </rdf:Alt>
      </dc:title>
    </rdf:Description>
  </rdf:RDF>
</x:xmpmeta>
